field,count,sampled,fill_rate_pct,critical
Movement,15,15,100.0,True
Brand,15,15,100.0,True
Type,15,15,100.0,False
Department,15,15,100.0,False
Dial Colour,14,15,93.3,True
Case Colour,14,15,93.3,False
Case Material,14,15,93.3,True
Display,14,15,93.3,False
Strap Colour,13,15,86.7,False
Bezel Colour,13,15,86.7,False
Strap Material,13,15,86.7,False
Watch Shape,12,15,80.0,False
Model,11,15,73.3,True
Customised,11,15,73.3,False
Case Size,11,15,73.3,True
Band/Strap,11,15,73.3,False
Reference Number,10,15,66.7,True
Country of Origin,10,15,66.7,False
Water Resistance,10,15,66.7,False
With Papers,10,15,66.7,True
With Service Records,10,15,66.7,False
With Original Box/Packaging,10,15,66.7,True
Style,10,15,66.7,False
Case Finish,9,15,60.0,False
Features,9,15,60.0,False
With Manual/Booklet,9,15,60.0,False
Indices,8,15,53.3,False
Vintage,8,15,53.3,False
Seller Warranty,8,15,53.3,False
Number of Jewels,8,15,53.3,False
Year Manufactured,8,15,53.3,True
Handmade,8,15,53.3,False
Caseback,8,15,53.3,False
Dial Pattern,6,15,40.0,False
Handedness,5,15,33.3,False
Bezel Type,5,15,33.3,False
Closure,5,15,33.3,False
Escapement Type,3,15,20.0,False
Manufacturer Warranty,2,15,13.3,False
Unit Type,2,15,13.3,False
Lug Width,2,15,13.3,False
Select Color:,1,15,6.7,False
Origin,1,15,6.7,False
Battery Included,1,15,6.7,False
Item Type,1,15,6.7,False
Band Length,1,15,6.7,False
Style 2,1,15,6.7,False
Case Material 2,1,15,6.7,False
Clasp Type,1,15,6.7,False
Unit Quantity,1,15,6.7,False
Strap Width,1,15,6.7,False
Case Thickness,1,15,6.7,False
Theme,1,15,6.7,False
